ticket_number,partner,customer,severity,status,service_type,siem,soar,sla_result,event_time,created_time,opened_time,first_response_time,closed_time,assigned_analyst,category,summary,mitre_techniques,false_positive
INC-000001,partner-b,customer-12,Major,Closed,Gold,XSIAM,XSOAR,Matched,2026-05-15T01:27:08.242546+00:00,2026-05-15T02:59:08.242546+00:00,2026-05-15T03:47:08.242546+00:00,2026-05-15T05:13:08.242546+00:00,2026-05-15T06:59:20.116521+00:00,K. Mehta,C2 Beacon,Major alert (C2 Beacon) on Partner B Customer 2,"T1041 Exfiltration Over C2, T1021 Remote Services",0
INC-000002,partner-b,customer-18,Major,Closed,Bronze,QRADAR,Resilient,Matched,2026-07-12T04:15:29.519857+00:00,2026-07-12T06:05:29.519857+00:00,2026-07-12T06:35:29.519857+00:00,2026-07-12T07:31:29.519857+00:00,2026-07-12T15:48:35.130281+00:00,S. Iyer,Suspicious Login,Major alert (Suspicious Login) on Partner B Customer 8,T1071 Application Layer Protocol,0
INC-000003,partner-b,customer-13,Minor,Closed,Silver,XSIAM,Resilient,Matched,2026-07-15T06:20:06.165502+00:00,2026-07-15T08:00:06.165502+00:00,2026-07-15T08:26:06.165502+00:00,2026-07-15T10:06:06.165502+00:00,2026-07-15T14:41:12.632270+00:00,P. Shah,Suspicious Login,Minor alert (Suspicious Login) on Partner B Customer 3,T1110 Brute Force,0
INC-000004,partner-b,customer-17,Minor,New,Bronze,QRADAR,XSOAR,none,2026-07-03T12:21:48.900748+00:00,2026-07-03T12:46:48.900748+00:00,,,,,Lateral Movement,Minor alert (Lateral Movement) on Partner B Customer 7,"T1059 Command and Scripting Interpreter, T1078 Valid Accounts, T1055 Process Injection",0
INC-000005,partner-b,customer-20,Minor,Closed,Silver,XSIAM,Resilient,Matched,2026-04-30T19:32:00.035425+00:00,2026-04-30T19:38:00.035425+00:00,2026-04-30T19:55:00.035425+00:00,2026-04-30T21:27:00.035425+00:00,2026-05-01T03:50:02.634363+00:00,P. Shah,Suspicious Login,Minor alert (Suspicious Login) on Partner B Customer 10,T1041 Exfiltration Over C2,0
INC-000006,partner-b,customer-14,Critical,New,Gold,XSIAM,XSOAR,none,2026-05-13T11:15:26.118743+00:00,2026-05-13T12:24:26.118743+00:00,,,,,Malware,Critical alert (Malware) on Partner B Customer 4,"T1041 Exfiltration Over C2, T1055 Process Injection, T1021 Remote Services",0
INC-000007,partner-b,customer-17,Major,New,Bronze,QRADAR,XSOAR,none,2026-05-29T16:07:31.661790+00:00,2026-05-29T17:51:31.661790+00:00,,,,,Phishing,Major alert (Phishing) on Partner B Customer 7,"T1021 Remote Services, T1078 Valid Accounts, T1566 Phishing",0
INC-000008,partner-a,customer-4,Informational,Closed,Bronze,QRADAR,Resilient,Matched,2026-06-19T14:29:13.160869+00:00,2026-06-19T14:41:13.160869+00:00,2026-06-19T15:27:13.160869+00:00,2026-06-19T15:42:13.160869+00:00,2026-06-19T23:47:52.314280+00:00,A. Rao,Brute Force,Informational alert (Brute Force) on Partner A Customer 4,T1071 Application Layer Protocol,0
INC-000009,partner-b,customer-18,Minor,New,Bronze,QRADAR,Resilient,none,2026-04-21T10:39:37.042886+00:00,2026-04-21T11:53:37.042886+00:00,,,,,Data Exfiltration,Minor alert (Data Exfiltration) on Partner B Customer 8,"T1041 Exfiltration Over C2, T1078 Valid Accounts, T1021 Remote Services",0
INC-000010,partner-b,customer-12,Minor,Closed,Gold,XSIAM,XSOAR,Matched,2026-07-14T02:37:09.101127+00:00,2026-07-14T03:25:09.101127+00:00,2026-07-14T04:10:09.101127+00:00,2026-07-14T04:44:09.101127+00:00,2026-07-14T05:48:29.277114+00:00,P. Shah,Phishing,Minor alert (Phishing) on Partner B Customer 2,T1059 Command and Scripting Interpreter,0
INC-000011,partner-a,customer-2,Critical,Closed,Bronze,XSIAM,XSOAR,Matched,2026-07-07T21:36:27.479373+00:00,2026-07-07T22:08:27.479373+00:00,2026-07-07T23:04:27.479373+00:00,2026-07-08T01:01:27.479373+00:00,2026-07-08T01:08:06.397935+00:00,P. Shah,Lateral Movement,Critical alert (Lateral Movement) on Partner A Customer 2,T1059 Command and Scripting Interpreter,0
INC-000012,partner-a,customer-4,Major,Closed,Bronze,QRADAR,Resilient,Matched,2026-04-30T12:50:48.444678+00:00,2026-04-30T13:01:48.444678+00:00,2026-04-30T13:52:48.444678+00:00,2026-04-30T14:09:48.444678+00:00,2026-04-30T17:56:01.849093+00:00,A. Rao,Malware,Major alert (Malware) on Partner A Customer 4,T1078 Valid Accounts,0
INC-000013,partner-a,customer-7,Major,New,Bronze,QRADAR,Resilient,none,2026-07-10T17:32:28.088462+00:00,2026-07-10T19:28:28.088462+00:00,,,,,C2 Beacon,Major alert (C2 Beacon) on Partner A Customer 7,"T1059 Command and Scripting Interpreter, T1566 Phishing, T1021 Remote Services",0
INC-000014,partner-b,customer-18,Informational,Closed,Bronze,QRADAR,Resilient,Matched,2026-05-01T21:18:04.969194+00:00,2026-05-01T21:44:04.969194+00:00,2026-05-01T22:24:04.969194+00:00,2026-05-01T22:56:04.969194+00:00,2026-05-02T00:52:59.211927+00:00,J. Fernandes,Phishing,Informational alert (Phishing) on Partner B Customer 8,"T1041 Exfiltration Over C2, T1055 Process Injection",0
INC-000015,partner-b,customer-15,Minor,New,Silver,QRADAR,Resilient,none,2026-05-07T17:22:23.754506+00:00,2026-05-07T18:51:23.754506+00:00,,,,,Brute Force,Minor alert (Brute Force) on Partner B Customer 5,T1041 Exfiltration Over C2,0
INC-000016,partner-a,customer-7,Minor,Closed,Bronze,QRADAR,Resilient,Matched,2026-05-10T23:05:25.042492+00:00,2026-05-10T23:17:25.042492+00:00,2026-05-10T23:57:25.042492+00:00,2026-05-11T01:06:25.042492+00:00,2026-05-11T09:36:14.278958+00:00,P. Shah,Malware,Minor alert (Malware) on Partner A Customer 7,T1059 Command and Scripting Interpreter,0
INC-000017,partner-b,customer-20,Informational,New,Silver,XSIAM,Resilient,none,2026-04-23T11:47:11.514667+00:00,2026-04-23T13:04:11.514667+00:00,,,,,Data Exfiltration,Informational alert (Data Exfiltration) on Partner B Customer 10,"T1566 Phishing, T1041 Exfiltration Over C2, T1071 Application Layer Protocol",1
INC-000018,partner-b,customer-14,Minor,New,Gold,XSIAM,XSOAR,none,2026-07-13T13:48:00.814598+00:00,2026-07-13T15:18:00.814598+00:00,,,,,Data Exfiltration,Minor alert (Data Exfiltration) on Partner B Customer 4,"T1055 Process Injection, T1059 Command and Scripting Interpreter",0
INC-000019,partner-a,customer-10,Informational,New,Silver,XSIAM,XSOAR,none,2026-07-16T09:23:46.007268+00:00,2026-07-16T10:47:46.007268+00:00,,,,,Malware,Informational alert (Malware) on Partner A Customer 10,T1078 Valid Accounts,0
INC-000020,partner-b,customer-17,Informational,Closed,Bronze,QRADAR,XSOAR,Matched,2026-04-29T02:49:37.594440+00:00,2026-04-29T03:41:37.594440+00:00,2026-04-29T04:19:37.594440+00:00,2026-04-29T06:10:37.594440+00:00,2026-04-29T10:49:55.954050+00:00,P. Shah,Phishing,Informational alert (Phishing) on Partner B Customer 7,"T1041 Exfiltration Over C2, T1021 Remote Services, T1566 Phishing",0
INC-000021,partner-a,customer-5,Informational,Closed,Gold,QRADAR,XSOAR,Matched,2026-07-03T06:28:00.053590+00:00,2026-07-03T07:09:00.053590+00:00,2026-07-03T08:04:00.053590+00:00,2026-07-03T08:52:00.053590+00:00,2026-07-03T16:44:34.428809+00:00,K. Mehta,C2 Beacon,Informational alert (C2 Beacon) on Partner A Customer 5,"T1566 Phishing, T1071 Application Layer Protocol",0
INC-000022,partner-b,customer-14,Critical,Closed,Gold,XSIAM,XSOAR,Matched,2026-07-15T10:19:43.538415+00:00,2026-07-15T10:57:43.538415+00:00,2026-07-15T11:35:43.538415+00:00,2026-07-15T12:50:43.538415+00:00,2026-07-15T12:20:37.435473+00:00,R. Nair,Brute Force,Critical alert (Brute Force) on Partner B Customer 4,"T1566 Phishing, T1055 Process Injection, T1110 Brute Force",0
INC-000023,partner-b,customer-19,Minor,New,Gold,QRADAR,XSOAR,none,2026-07-12T02:37:40.527060+00:00,2026-07-12T04:23:40.527060+00:00,,,,,Phishing,Minor alert (Phishing) on Partner B Customer 9,"T1078 Valid Accounts, T1021 Remote Services",0
INC-000024,partner-a,customer-8,Major,New,Gold,XSIAM,Resilient,none,2026-04-29T12:08:16.861744+00:00,2026-04-29T13:32:16.861744+00:00,,,,,Data Exfiltration,Major alert (Data Exfiltration) on Partner A Customer 8,T1110 Brute Force,0
INC-000025,partner-b,customer-14,Minor,New,Gold,XSIAM,XSOAR,none,2026-07-04T04:22:48.104236+00:00,2026-07-04T06:09:48.104236+00:00,,,,,Data Exfiltration,Minor alert (Data Exfiltration) on Partner B Customer 4,"T1110 Brute Force, T1055 Process Injection",1
INC-000026,partner-a,customer-4,Critical,Closed,Bronze,QRADAR,Resilient,Matched,2026-06-29T06:47:24.673720+00:00,2026-06-29T07:50:24.673720+00:00,2026-06-29T08:50:24.673720+00:00,2026-06-29T10:46:24.673720+00:00,2026-06-29T10:39:18.449545+00:00,K. Mehta,Privilege Escalation,Critical alert (Privilege Escalation) on Partner A Customer 4,T1041 Exfiltration Over C2,0
INC-000027,partner-b,customer-12,Major,Closed,Gold,XSIAM,XSOAR,Matched,2026-05-30T00:33:29.464245+00:00,2026-05-30T00:41:29.464245+00:00,2026-05-30T01:07:29.464245+00:00,2026-05-30T01:34:29.464245+00:00,2026-05-30T04:30:50.574391+00:00,P. Shah,Malware,Major alert (Malware) on Partner B Customer 2,"T1055 Process Injection, T1110 Brute Force, T1021 Remote Services",0
INC-000028,partner-b,customer-11,Informational,Closed,Gold,XSIAM,XSOAR,Matched,2026-07-04T16:12:02.075071+00:00,2026-07-04T16:41:02.075071+00:00,2026-07-04T17:36:02.075071+00:00,2026-07-04T18:36:02.075071+00:00,2026-07-05T01:51:33.027249+00:00,A. Rao,Data Exfiltration,Informational alert (Data Exfiltration) on Partner B Customer 1,"T1055 Process Injection, T1566 Phishing",0
INC-000029,partner-b,customer-11,Minor,Closed,Gold,XSIAM,XSOAR,Matched,2026-07-04T15:21:06.348267+00:00,2026-07-04T16:30:06.348267+00:00,2026-07-04T17:06:06.348267+00:00,2026-07-04T17:52:06.348267+00:00,2026-07-04T23:05:29.312543+00:00,J. Fernandes,Data Exfiltration,Minor alert (Data Exfiltration) on Partner B Customer 1,"T1055 Process Injection, T1021 Remote Services",0
INC-000030,partner-a,customer-6,Major,Open,Gold,QRADAR,XSOAR,none,2026-07-17T05:21:26.412914+00:00,2026-07-17T06:02:26.412914+00:00,2026-07-17T07:02:26.412914+00:00,2026-07-17T08:21:26.412914+00:00,,P. Shah,C2 Beacon,Major alert (C2 Beacon) on Partner A Customer 6,"T1071 Application Layer Protocol, T1021 Remote Services",0
INC-000031,partner-a,customer-7,Minor,Closed,Bronze,QRADAR,Resilient,Matched,2026-05-11T23:45:26.796369+00:00,2026-05-12T01:14:26.796369+00:00,2026-05-12T01:56:26.796369+00:00,2026-05-12T03:25:26.796369+00:00,2026-05-12T03:46:52.541651+00:00,R. Nair,Data Exfiltration,Minor alert (Data Exfiltration) on Partner A Customer 7,"T1041 Exfiltration Over C2, T1059 Command and Scripting Interpreter, T1055 Process Injection",0
INC-000032,partner-a,customer-5,Major,New,Gold,QRADAR,XSOAR,none,2026-05-01T19:15:02.686598+00:00,2026-05-01T19:29:02.686598+00:00,,,,,C2 Beacon,Major alert (C2 Beacon) on Partner A Customer 5,"T1078 Valid Accounts, T1021 Remote Services",1
INC-000033,partner-b,customer-13,Major,New,Silver,XSIAM,Resilient,none,2026-07-16T17:15:26.494159+00:00,2026-07-16T18:56:26.494159+00:00,,,,,Malware,Major alert (Malware) on Partner B Customer 3,"T1078 Valid Accounts, T1059 Command and Scripting Interpreter",0
INC-000034,partner-b,customer-17,Minor,New,Bronze,QRADAR,XSOAR,none,2026-07-06T08:24:58.532703+00:00,2026-07-06T08:46:58.532703+00:00,,,,,Suspicious Login,Minor alert (Suspicious Login) on Partner B Customer 7,"T1055 Process Injection, T1071 Application Layer Protocol",0
INC-000035,partner-b,customer-18,Major,Closed,Bronze,QRADAR,Resilient,Matched,2026-06-06T17:05:00.567648+00:00,2026-06-06T18:46:00.567648+00:00,2026-06-06T19:36:00.567648+00:00,2026-06-06T20:16:00.567648+00:00,2026-06-06T22:45:12.133636+00:00,P. Shah,C2 Beacon,Major alert (C2 Beacon) on Partner B Customer 8,T1041 Exfiltration Over C2,0
INC-000036,partner-a,customer-8,Major,Closed,Gold,XSIAM,Resilient,Matched,2026-07-04T19:27:46.297650+00:00,2026-07-04T20:01:46.297650+00:00,2026-07-04T20:20:46.297650+00:00,2026-07-04T21:55:46.297650+00:00,2026-07-05T01:00:52.517227+00:00,K. Mehta,C2 Beacon,Major alert (C2 Beacon) on Partner A Customer 8,"T1566 Phishing, T1059 Command and Scripting Interpreter",0
INC-000037,partner-b,customer-14,Minor,New,Gold,XSIAM,XSOAR,none,2026-07-15T10:46:42.504407+00:00,2026-07-15T12:43:42.504407+00:00,,,,,Lateral Movement,Minor alert (Lateral Movement) on Partner B Customer 4,"T1566 Phishing, T1110 Brute Force",0
INC-000038,partner-a,customer-10,Informational,New,Silver,XSIAM,XSOAR,none,2026-06-09T12:09:53.506271+00:00,2026-06-09T13:49:53.506271+00:00,,,,,Data Exfiltration,Informational alert (Data Exfiltration) on Partner A Customer 10,"T1078 Valid Accounts, T1110 Brute Force",0
INC-000039,partner-b,customer-14,Major,Closed,Gold,XSIAM,XSOAR,Matched,2026-05-06T09:18:48.285309+00:00,2026-05-06T10:55:48.285309+00:00,2026-05-06T11:34:48.285309+00:00,2026-05-06T11:55:48.285309+00:00,2026-05-06T20:44:32.780457+00:00,P. Shah,Phishing,Major alert (Phishing) on Partner B Customer 4,T1055 Process Injection,0
INC-000040,partner-a,customer-5,Major,Closed,Gold,QRADAR,XSOAR,Matched,2026-07-12T15:52:37.214067+00:00,2026-07-12T16:55:37.214067+00:00,2026-07-12T17:53:37.214067+00:00,2026-07-12T19:50:37.214067+00:00,2026-07-13T03:27:16.227550+00:00,J. Fernandes,Lateral Movement,Major alert (Lateral Movement) on Partner A Customer 5,"T1059 Command and Scripting Interpreter, T1078 Valid Accounts",0
INC-000041,partner-a,customer-1,Critical,New,Bronze,QRADAR,XSOAR,none,2026-06-27T02:22:51.439363+00:00,2026-06-27T02:35:51.439363+00:00,,,,,Phishing,Critical alert (Phishing) on Partner A Customer 1,T1078 Valid Accounts,0
INC-000042,partner-a,customer-7,Minor,Closed,Bronze,QRADAR,Resilient,Matched,2026-07-10T15:29:03.540680+00:00,2026-07-10T15:48:03.540680+00:00,2026-07-10T16:11:03.540680+00:00,2026-07-10T17:15:03.540680+00:00,2026-07-10T20:30:15.744328+00:00,R. Nair,Malware,Minor alert (Malware) on Partner A Customer 7,T1041 Exfiltration Over C2,0
INC-000043,partner-a,customer-4,Informational,Closed,Bronze,QRADAR,Resilient,Matched,2026-04-26T12:41:51.649455+00:00,2026-04-26T13:34:51.649455+00:00,2026-04-26T14:29:51.649455+00:00,2026-04-26T14:59:51.649455+00:00,2026-04-26T22:58:22.170389+00:00,A. Rao,Data Exfiltration,Informational alert (Data Exfiltration) on Partner A Customer 4,T1041 Exfiltration Over C2,0
INC-000044,partner-b,customer-20,Minor,Closed,Silver,XSIAM,Resilient,Matched,2026-07-13T12:59:29.443517+00:00,2026-07-13T14:12:29.443517+00:00,2026-07-13T14:45:29.443517+00:00,2026-07-13T14:58:29.443517+00:00,2026-07-13T15:52:19.373182+00:00,P. Shah,Lateral Movement,Minor alert (Lateral Movement) on Partner B Customer 10,"T1059 Command and Scripting Interpreter, T1078 Valid Accounts",0
INC-000045,partner-b,customer-12,Informational,Closed,Gold,XSIAM,XSOAR,Matched,2026-06-08T00:37:54.960420+00:00,2026-06-08T02:15:54.960420+00:00,2026-06-08T03:06:54.960420+00:00,2026-06-08T03:45:54.960420+00:00,2026-06-08T08:57:31.762589+00:00,P. Shah,C2 Beacon,Informational alert (C2 Beacon) on Partner B Customer 2,"T1055 Process Injection, T1071 Application Layer Protocol",0
INC-000046,partner-b,customer-19,Informational,Closed,Gold,QRADAR,XSOAR,Matched,2026-07-09T09:46:32.304719+00:00,2026-07-09T11:43:32.304719+00:00,2026-07-09T12:41:32.304719+00:00,2026-07-09T13:45:32.304719+00:00,2026-07-09T17:06:11.558173+00:00,P. Shah,Phishing,Informational alert (Phishing) on Partner B Customer 9,"T1021 Remote Services, T1059 Command and Scripting Interpreter",0
INC-000047,partner-b,customer-16,Minor,New,Bronze,XSIAM,XSOAR,none,2026-07-04T21:33:47.952484+00:00,2026-07-04T23:07:47.952484+00:00,,,,,Phishing,Minor alert (Phishing) on Partner B Customer 6,"T1078 Valid Accounts, T1566 Phishing, T1059 Command and Scripting Interpreter",0
INC-000048,partner-b,customer-14,Minor,Closed,Gold,XSIAM,XSOAR,Matched,2026-05-20T02:39:02.051614+00:00,2026-05-20T03:46:02.051614+00:00,2026-05-20T03:57:02.051614+00:00,2026-05-20T04:13:02.051614+00:00,2026-05-20T11:10:35.955446+00:00,S. Iyer,Privilege Escalation,Minor alert (Privilege Escalation) on Partner B Customer 4,"T1021 Remote Services, T1078 Valid Accounts, T1041 Exfiltration Over C2",0
INC-000049,partner-b,customer-17,Informational,Closed,Bronze,QRADAR,XSOAR,Matched,2026-06-15T13:57:24.337272+00:00,2026-06-15T15:00:24.337272+00:00,2026-06-15T15:26:24.337272+00:00,2026-06-15T16:00:24.337272+00:00,2026-06-15T19:16:48.090658+00:00,A. Rao,Brute Force,Informational alert (Brute Force) on Partner B Customer 7,T1078 Valid Accounts,0
INC-000050,partner-b,customer-16,Minor,New,Bronze,XSIAM,XSOAR,none,2026-05-24T13:33:58.201776+00:00,2026-05-24T13:50:58.201776+00:00,,,,,Privilege Escalation,Minor alert (Privilege Escalation) on Partner B Customer 6,T1021 Remote Services,0
INC-000051,partner-a,customer-6,Minor,Open,Gold,QRADAR,XSOAR,none,2026-07-16T15:26:27.208091+00:00,2026-07-16T15:37:27.208091+00:00,2026-07-16T16:31:27.208091+00:00,2026-07-16T16:52:27.208091+00:00,,R. Nair,C2 Beacon,Minor alert (C2 Beacon) on Partner A Customer 6,T1566 Phishing,0
INC-000052,partner-b,customer-19,Minor,New,Gold,QRADAR,XSOAR,none,2026-07-03T17:53:37.050860+00:00,2026-07-03T18:30:37.050860+00:00,,,,,C2 Beacon,Minor alert (C2 Beacon) on Partner B Customer 9,T1059 Command and Scripting Interpreter,0
INC-000053,partner-b,customer-13,Minor,Closed,Silver,XSIAM,Resilient,Matched,2026-07-03T13:23:13.793949+00:00,2026-07-03T15:11:13.793949+00:00,2026-07-03T15:40:13.793949+00:00,2026-07-03T15:55:13.793949+00:00,2026-07-03T23:33:01.761578+00:00,K. Mehta,Data Exfiltration,Minor alert (Data Exfiltration) on Partner B Customer 3,"T1055 Process Injection, T1078 Valid Accounts, T1071 Application Layer Protocol",0
INC-000054,partner-a,customer-10,Informational,New,Silver,XSIAM,XSOAR,none,2026-07-08T12:52:08.352431+00:00,2026-07-08T14:15:08.352431+00:00,,,,,Malware,Informational alert (Malware) on Partner A Customer 10,T1078 Valid Accounts,0
INC-000055,partner-a,customer-9,Major,Closed,Gold,QRADAR,Resilient,Matched,2026-07-16T05:36:44.534577+00:00,2026-07-16T05:41:44.534577+00:00,2026-07-16T06:35:44.534577+00:00,2026-07-16T07:56:44.534577+00:00,2026-07-16T09:40:44.364577+00:00,J. Fernandes,Privilege Escalation,Major alert (Privilege Escalation) on Partner A Customer 9,"T1071 Application Layer Protocol, T1566 Phishing, T1021 Remote Services",0
INC-000056,partner-a,customer-8,Minor,Closed,Gold,XSIAM,Resilient,Matched,2026-05-18T18:15:43.658772+00:00,2026-05-18T18:45:43.658772+00:00,2026-05-18T19:29:43.658772+00:00,2026-05-18T20:02:43.658772+00:00,2026-05-18T22:53:10.150853+00:00,R. Nair,Brute Force,Minor alert (Brute Force) on Partner A Customer 8,T1566 Phishing,0
INC-000057,partner-a,customer-6,Minor,Closed,Gold,QRADAR,XSOAR,Matched,2026-04-25T08:07:29.894748+00:00,2026-04-25T09:08:29.894748+00:00,2026-04-25T10:02:29.894748+00:00,2026-04-25T10:45:29.894748+00:00,2026-04-25T13:29:30.671406+00:00,R. Nair,C2 Beacon,Minor alert (C2 Beacon) on Partner A Customer 6,"T1059 Command and Scripting Interpreter, T1041 Exfiltration Over C2",0
INC-000058,partner-a,customer-2,Minor,New,Bronze,XSIAM,XSOAR,none,2026-07-14T22:28:57.596788+00:00,2026-07-14T23:02:57.596788+00:00,,,,,Phishing,Minor alert (Phishing) on Partner A Customer 2,"T1041 Exfiltration Over C2, T1071 Application Layer Protocol, T1566 Phishing",0
INC-000059,partner-a,customer-6,Minor,Closed,Gold,QRADAR,XSOAR,Matched,2026-06-30T21:35:03.391193+00:00,2026-06-30T22:54:03.391193+00:00,2026-06-30T23:35:03.391193+00:00,2026-06-30T23:51:03.391193+00:00,2026-07-01T03:35:02.583148+00:00,J. Fernandes,Malware,Minor alert (Malware) on Partner A Customer 6,T1021 Remote Services,0
INC-000060,partner-b,customer-14,Major,Closed,Gold,XSIAM,XSOAR,Matched,2026-05-05T00:21:53.513878+00:00,2026-05-05T01:36:53.513878+00:00,2026-05-05T01:51:53.513878+00:00,2026-05-05T02:36:53.513878+00:00,2026-05-05T11:35:47.499027+00:00,S. Iyer,Lateral Movement,Major alert (Lateral Movement) on Partner B Customer 4,"T1566 Phishing, T1021 Remote Services, T1041 Exfiltration Over C2",0
INC-000061,partner-b,customer-15,Major,Closed,Silver,QRADAR,Resilient,Matched,2026-07-06T15:20:09.360854+00:00,2026-07-06T16:45:09.360854+00:00,2026-07-06T16:58:09.360854+00:00,2026-07-06T17:29:09.360854+00:00,2026-07-07T02:19:05.958305+00:00,S. Iyer,C2 Beacon,Major alert (C2 Beacon) on Partner B Customer 5,"T1071 Application Layer Protocol, T1566 Phishing, T1055 Process Injection",0
INC-000062,partner-b,customer-20,Minor,Open,Silver,XSIAM,Resilient,none,2026-07-17T01:22:22.367782+00:00,2026-07-17T02:19:22.367782+00:00,2026-07-17T02:36:22.367782+00:00,2026-07-17T03:40:22.367782+00:00,,A. Rao,Brute Force,Minor alert (Brute Force) on Partner B Customer 10,"T1041 Exfiltration Over C2, T1071 Application Layer Protocol",0
INC-000063,partner-a,customer-9,Minor,Closed,Gold,QRADAR,Resilient,Matched,2026-06-06T03:52:31.388034+00:00,2026-06-06T04:15:31.388034+00:00,2026-06-06T05:03:31.388034+00:00,2026-06-06T06:13:31.388034+00:00,2026-06-06T13:50:05.860709+00:00,R. Nair,Privilege Escalation,Minor alert (Privilege Escalation) on Partner A Customer 9,"T1021 Remote Services, T1055 Process Injection",0
INC-000064,partner-b,customer-17,Critical,New,Bronze,QRADAR,XSOAR,none,2026-05-02T20:39:10.225812+00:00,2026-05-02T21:58:10.225812+00:00,,,,,C2 Beacon,Critical alert (C2 Beacon) on Partner B Customer 7,T1071 Application Layer Protocol,0
INC-000065,partner-b,customer-18,Major,New,Bronze,QRADAR,Resilient,none,2026-06-13T07:22:37.618433+00:00,2026-06-13T08:08:37.618433+00:00,,,,,Data Exfiltration,Major alert (Data Exfiltration) on Partner B Customer 8,"T1055 Process Injection, T1059 Command and Scripting Interpreter, T1078 Valid Accounts",0
INC-000066,partner-a,customer-2,Minor,New,Bronze,XSIAM,XSOAR,none,2026-06-12T21:58:29.601339+00:00,2026-06-12T23:27:29.601339+00:00,,,,,Brute Force,Minor alert (Brute Force) on Partner A Customer 2,"T1566 Phishing, T1059 Command and Scripting Interpreter",0
INC-000067,partner-b,customer-17,Major,Closed,Bronze,QRADAR,XSOAR,Matched,2026-07-05T10:42:03.313806+00:00,2026-07-05T10:59:03.313806+00:00,2026-07-05T11:38:03.313806+00:00,2026-07-05T11:44:03.313806+00:00,2026-07-05T20:28:21.542078+00:00,R. Nair,Brute Force,Major alert (Brute Force) on Partner B Customer 7,T1071 Application Layer Protocol,0
INC-000068,partner-a,customer-9,Minor,Closed,Gold,QRADAR,Resilient,Matched,2026-05-01T13:12:16.086681+00:00,2026-05-01T15:06:16.086681+00:00,2026-05-01T15:50:16.086681+00:00,2026-05-01T16:43:16.086681+00:00,2026-05-02T00:49:29.100007+00:00,S. Iyer,C2 Beacon,Minor alert (C2 Beacon) on Partner A Customer 9,"T1566 Phishing, T1041 Exfiltration Over C2, T1071 Application Layer Protocol",0
INC-000069,partner-a,customer-8,Informational,New,Gold,XSIAM,Resilient,none,2026-05-11T00:54:07.732246+00:00,2026-05-11T01:54:07.732246+00:00,,,,,Malware,Informational alert (Malware) on Partner A Customer 8,"T1110 Brute Force, T1021 Remote Services",0
INC-000070,partner-a,customer-10,Critical,Closed,Silver,XSIAM,XSOAR,Breached,2026-06-20T20:22:35.174095+00:00,2026-06-20T21:14:35.174095+00:00,2026-06-20T21:39:35.174095+00:00,2026-06-20T22:51:35.174095+00:00,2026-06-21T06:14:43.255420+00:00,J. Fernandes,Malware,Critical alert (Malware) on Partner A Customer 10,"T1055 Process Injection, T1041 Exfiltration Over C2, T1021 Remote Services",0
INC-000071,partner-a,customer-8,Minor,Closed,Gold,XSIAM,Resilient,Matched,2026-07-08T07:31:53.558338+00:00,2026-07-08T08:34:53.558338+00:00,2026-07-08T08:44:53.558338+00:00,2026-07-08T10:44:53.558338+00:00,2026-07-08T15:50:48.151035+00:00,J. Fernandes,Brute Force,Minor alert (Brute Force) on Partner A Customer 8,T1071 Application Layer Protocol,0
INC-000072,partner-b,customer-12,Major,New,Gold,XSIAM,XSOAR,none,2026-05-16T02:47:25.127110+00:00,2026-05-16T03:50:25.127110+00:00,,,,,Data Exfiltration,Major alert (Data Exfiltration) on Partner B Customer 2,"T1071 Application Layer Protocol, T1566 Phishing",0
INC-000073,partner-a,customer-8,Major,New,Gold,XSIAM,Resilient,none,2026-07-07T11:50:35.025375+00:00,2026-07-07T11:57:35.025375+00:00,,,,,Lateral Movement,Major alert (Lateral Movement) on Partner A Customer 8,"T1566 Phishing, T1041 Exfiltration Over C2",0
INC-000074,partner-a,customer-2,Minor,New,Bronze,XSIAM,XSOAR,none,2026-04-26T22:50:41.074135+00:00,2026-04-27T00:34:41.074135+00:00,,,,,Suspicious Login,Minor alert (Suspicious Login) on Partner A Customer 2,T1078 Valid Accounts,0
INC-000075,partner-b,customer-20,Minor,Closed,Silver,XSIAM,Resilient,Matched,2026-05-16T23:54:13.787641+00:00,2026-05-17T00:16:13.787641+00:00,2026-05-17T01:06:13.787641+00:00,2026-05-17T02:33:13.787641+00:00,2026-05-17T06:04:16.459002+00:00,A. Rao,Suspicious Login,Minor alert (Suspicious Login) on Partner B Customer 10,"T1110 Brute Force, T1566 Phishing, T1071 Application Layer Protocol",0
INC-000076,partner-b,customer-11,Major,Closed,Gold,XSIAM,XSOAR,Matched,2026-07-09T16:49:35.374732+00:00,2026-07-09T17:40:35.374732+00:00,2026-07-09T18:07:35.374732+00:00,2026-07-09T19:58:35.374732+00:00,2026-07-10T02:32:55.324658+00:00,K. Mehta,C2 Beacon,Major alert (C2 Beacon) on Partner B Customer 1,"T1021 Remote Services, T1055 Process Injection",0
INC-000077,partner-a,customer-4,Critical,New,Bronze,QRADAR,Resilient,none,2026-06-26T22:04:23.126244+00:00,2026-06-26T23:35:23.126244+00:00,,,,,Lateral Movement,Critical alert (Lateral Movement) on Partner A Customer 4,"T1021 Remote Services, T1566 Phishing, T1078 Valid Accounts",0
INC-000078,partner-a,customer-1,Major,Closed,Bronze,QRADAR,XSOAR,Matched,2026-07-06T18:36:58.564362+00:00,2026-07-06T19:14:58.564362+00:00,2026-07-06T20:04:58.564362+00:00,2026-07-06T20:56:58.564362+00:00,2026-07-07T01:19:34.414885+00:00,A. Rao,Suspicious Login,Major alert (Suspicious Login) on Partner A Customer 1,"T1078 Valid Accounts, T1021 Remote Services, T1566 Phishing",0
INC-000079,partner-b,customer-15,Major,Closed,Silver,QRADAR,Resilient,Matched,2026-07-04T16:50:56.950744+00:00,2026-07-04T16:59:56.950744+00:00,2026-07-04T17:40:56.950744+00:00,2026-07-04T17:59:56.950744+00:00,2026-07-04T23:31:13.460775+00:00,A. Rao,Lateral Movement,Major alert (Lateral Movement) on Partner B Customer 5,"T1021 Remote Services, T1071 Application Layer Protocol",0
INC-000080,partner-b,customer-18,Minor,New,Bronze,QRADAR,Resilient,none,2026-07-11T11:13:58.675612+00:00,2026-07-11T11:30:58.675612+00:00,,,,,Lateral Movement,Minor alert (Lateral Movement) on Partner B Customer 8,"T1566 Phishing, T1021 Remote Services",0
INC-000081,partner-b,customer-12,Minor,Closed,Gold,XSIAM,XSOAR,Matched,2026-07-12T03:31:17.967519+00:00,2026-07-12T05:03:17.967519+00:00,2026-07-12T05:54:17.967519+00:00,2026-07-12T06:44:17.967519+00:00,2026-07-12T08:36:47.764933+00:00,A. Rao,Malware,Minor alert (Malware) on Partner B Customer 2,"T1059 Command and Scripting Interpreter, T1021 Remote Services",0
INC-000082,partner-a,customer-7,Minor,New,Bronze,QRADAR,Resilient,none,2026-07-06T05:57:16.263386+00:00,2026-07-06T06:33:16.263386+00:00,,,,,Data Exfiltration,Minor alert (Data Exfiltration) on Partner A Customer 7,T1078 Valid Accounts,0
INC-000083,partner-b,customer-19,Informational,Open,Gold,QRADAR,XSOAR,none,2026-07-15T03:20:21.463943+00:00,2026-07-15T05:20:21.463943+00:00,2026-07-15T05:47:21.463943+00:00,2026-07-15T07:41:21.463943+00:00,,K. Mehta,Privilege Escalation,Informational alert (Privilege Escalation) on Partner B Customer 9,T1059 Command and Scripting Interpreter,0
INC-000084,partner-a,customer-1,Major,New,Bronze,QRADAR,XSOAR,none,2026-05-25T06:52:42.678136+00:00,2026-05-25T06:59:42.678136+00:00,,,,,Brute Force,Major alert (Brute Force) on Partner A Customer 1,"T1566 Phishing, T1059 Command and Scripting Interpreter",1
INC-000085,partner-b,customer-14,Minor,Closed,Gold,XSIAM,XSOAR,Matched,2026-05-08T05:14:02.502293+00:00,2026-05-08T06:24:02.502293+00:00,2026-05-08T07:02:02.502293+00:00,2026-05-08T08:11:02.502293+00:00,2026-05-08T08:25:27.529489+00:00,K. Mehta,Privilege Escalation,Minor alert (Privilege Escalation) on Partner B Customer 4,"T1566 Phishing, T1071 Application Layer Protocol",0
INC-000086,partner-b,customer-16,Minor,Closed,Bronze,XSIAM,XSOAR,Matched,2026-07-07T06:32:02.369500+00:00,2026-07-07T07:33:02.369500+00:00,2026-07-07T07:48:02.369500+00:00,2026-07-07T08:34:02.369500+00:00,2026-07-07T09:56:10.976961+00:00,P. Shah,Suspicious Login,Minor alert (Suspicious Login) on Partner B Customer 6,"T1041 Exfiltration Over C2, T1078 Valid Accounts",0
INC-000087,partner-b,customer-17,Critical,New,Bronze,QRADAR,XSOAR,none,2026-05-01T11:25:06.674790+00:00,2026-05-01T12:53:06.674790+00:00,,,,,Data Exfiltration,Critical alert (Data Exfiltration) on Partner B Customer 7,"T1071 Application Layer Protocol, T1059 Command and Scripting Interpreter",0
INC-000088,partner-b,customer-14,Minor,Closed,Gold,XSIAM,XSOAR,Matched,2026-07-08T16:32:55.513793+00:00,2026-07-08T17:31:55.513793+00:00,2026-07-08T17:57:55.513793+00:00,2026-07-08T18:49:55.513793+00:00,2026-07-08T23:14:01.793286+00:00,K. Mehta,Malware,Minor alert (Malware) on Partner B Customer 4,T1059 Command and Scripting Interpreter,0
INC-000089,partner-b,customer-14,Minor,New,Gold,XSIAM,XSOAR,none,2026-05-28T03:49:24.159855+00:00,2026-05-28T05:09:24.159855+00:00,,,,,Suspicious Login,Minor alert (Suspicious Login) on Partner B Customer 4,"T1059 Command and Scripting Interpreter, T1078 Valid Accounts, T1110 Brute Force",1
INC-000090,partner-b,customer-14,Minor,Closed,Gold,XSIAM,XSOAR,Matched,2026-05-24T05:11:54.130637+00:00,2026-05-24T06:01:54.130637+00:00,2026-05-24T06:43:54.130637+00:00,2026-05-24T07:15:54.130637+00:00,2026-05-24T09:44:59.664396+00:00,K. Mehta,Malware,Minor alert (Malware) on Partner B Customer 4,"T1021 Remote Services, T1566 Phishing",0
INC-000091,partner-a,customer-9,Informational,Closed,Gold,QRADAR,Resilient,Matched,2026-04-20T12:04:48.621870+00:00,2026-04-20T13:53:48.621870+00:00,2026-04-20T14:46:48.621870+00:00,2026-04-20T16:13:48.621870+00:00,2026-04-21T00:08:30.952898+00:00,P. Shah,Privilege Escalation,Informational alert (Privilege Escalation) on Partner A Customer 9,T1110 Brute Force,0
INC-000092,partner-a,customer-9,Major,Closed,Gold,QRADAR,Resilient,Matched,2026-07-17T02:55:57.437137+00:00,2026-07-17T04:51:57.437137+00:00,2026-07-17T05:43:57.437137+00:00,2026-07-17T06:39:57.437137+00:00,2026-07-17T12:25:52.210347+00:00,A. Rao,Phishing,Major alert (Phishing) on Partner A Customer 9,T1078 Valid Accounts,0
INC-000093,partner-b,customer-13,Major,New,Silver,XSIAM,Resilient,none,2026-07-07T02:43:40.517418+00:00,2026-07-07T04:27:40.517418+00:00,,,,,Malware,Major alert (Malware) on Partner B Customer 3,T1110 Brute Force,0
INC-000094,partner-a,customer-6,Critical,Closed,Gold,QRADAR,XSOAR,Matched,2026-07-11T01:02:53.546250+00:00,2026-07-11T02:01:53.546250+00:00,2026-07-11T02:39:53.546250+00:00,2026-07-11T03:37:53.546250+00:00,2026-07-11T04:18:14.199773+00:00,S. Iyer,Malware,Critical alert (Malware) on Partner A Customer 6,"T1071 Application Layer Protocol, T1041 Exfiltration Over C2",0
INC-000095,partner-a,customer-10,Major,New,Silver,XSIAM,XSOAR,none,2026-07-16T13:35:48.220043+00:00,2026-07-16T14:18:48.220043+00:00,,,,,Data Exfiltration,Major alert (Data Exfiltration) on Partner A Customer 10,T1041 Exfiltration Over C2,1
INC-000096,partner-a,customer-10,Critical,Closed,Silver,XSIAM,XSOAR,Breached,2026-07-01T10:32:00.220613+00:00,2026-07-01T11:25:00.220613+00:00,2026-07-01T11:49:00.220613+00:00,2026-07-01T12:58:00.220613+00:00,2026-07-01T17:52:34.592736+00:00,P. Shah,Phishing,Critical alert (Phishing) on Partner A Customer 10,"T1566 Phishing, T1078 Valid Accounts",0
INC-000097,partner-a,customer-3,Minor,Closed,Gold,QRADAR,XSOAR,Matched,2026-05-14T09:25:59.074840+00:00,2026-05-14T10:23:59.074840+00:00,2026-05-14T10:58:59.074840+00:00,2026-05-14T11:05:59.074840+00:00,2026-05-14T20:30:41.778462+00:00,S. Iyer,C2 Beacon,Minor alert (C2 Beacon) on Partner A Customer 3,"T1021 Remote Services, T1566 Phishing, T1078 Valid Accounts",0
INC-000098,partner-a,customer-4,Minor,New,Bronze,QRADAR,Resilient,none,2026-06-11T15:19:41.165222+00:00,2026-06-11T16:03:41.165222+00:00,,,,,Data Exfiltration,Minor alert (Data Exfiltration) on Partner A Customer 4,"T1110 Brute Force, T1566 Phishing",0
INC-000099,partner-b,customer-17,Minor,New,Bronze,QRADAR,XSOAR,none,2026-07-06T09:17:17.333809+00:00,2026-07-06T10:06:17.333809+00:00,,,,,Brute Force,Minor alert (Brute Force) on Partner B Customer 7,T1059 Command and Scripting Interpreter,0
INC-000100,partner-a,customer-5,Major,Closed,Gold,QRADAR,XSOAR,Matched,2026-07-06T15:36:32.281097+00:00,2026-07-06T15:50:32.281097+00:00,2026-07-06T16:49:32.281097+00:00,2026-07-06T18:14:32.281097+00:00,2026-07-06T22:53:57.310756+00:00,J. Fernandes,C2 Beacon,Major alert (C2 Beacon) on Partner A Customer 5,"T1021 Remote Services, T1055 Process Injection, T1071 Application Layer Protocol",0
INC-000101,partner-b,customer-11,Critical,Closed,Gold,XSIAM,XSOAR,Matched,2026-06-20T00:09:31.296359+00:00,2026-06-20T00:49:31.296359+00:00,2026-06-20T01:21:31.296359+00:00,2026-06-20T02:30:31.296359+00:00,2026-06-20T02:02:47.150163+00:00,A. Rao,Privilege Escalation,Critical alert (Privilege Escalation) on Partner B Customer 1,T1059 Command and Scripting Interpreter,0
INC-000102,partner-b,customer-20,Major,New,Silver,XSIAM,Resilient,none,2026-04-22T08:07:39.037004+00:00,2026-04-22T09:46:39.037004+00:00,,,,,C2 Beacon,Major alert (C2 Beacon) on Partner B Customer 10,"T1078 Valid Accounts, T1110 Brute Force, T1041 Exfiltration Over C2",0
INC-000103,partner-b,customer-16,Informational,Closed,Bronze,XSIAM,XSOAR,Matched,2026-05-05T05:21:45.075155+00:00,2026-05-05T07:13:45.075155+00:00,2026-05-05T08:08:45.075155+00:00,2026-05-05T08:23:45.075155+00:00,2026-05-05T09:29:53.280044+00:00,P. Shah,C2 Beacon,Informational alert (C2 Beacon) on Partner B Customer 6,"T1110 Brute Force, T1071 Application Layer Protocol",0
INC-000104,partner-b,customer-12,Major,New,Gold,XSIAM,XSOAR,none,2026-05-17T04:18:54.324929+00:00,2026-05-17T04:29:54.324929+00:00,,,,,Suspicious Login,Major alert (Suspicious Login) on Partner B Customer 2,T1021 Remote Services,0
INC-000105,partner-a,customer-4,Major,New,Bronze,QRADAR,Resilient,none,2026-07-05T07:25:28.451923+00:00,2026-07-05T08:47:28.451923+00:00,,,,,Suspicious Login,Major alert (Suspicious Login) on Partner A Customer 4,T1110 Brute Force,0
INC-000106,partner-b,customer-12,Minor,New,Gold,XSIAM,XSOAR,none,2026-07-05T14:47:54.905280+00:00,2026-07-05T16:22:54.905280+00:00,,,,,Privilege Escalation,Minor alert (Privilege Escalation) on Partner B Customer 2,"T1055 Process Injection, T1021 Remote Services, T1110 Brute Force",0
INC-000107,partner-a,customer-5,Informational,Closed,Gold,QRADAR,XSOAR,Matched,2026-05-16T13:13:20.312402+00:00,2026-05-16T14:25:20.312402+00:00,2026-05-16T15:17:20.312402+00:00,2026-05-16T16:16:20.312402+00:00,2026-05-16T19:33:08.476877+00:00,P. Shah,Brute Force,Informational alert (Brute Force) on Partner A Customer 5,T1021 Remote Services,0
INC-000108,partner-b,customer-16,Informational,Closed,Bronze,XSIAM,XSOAR,Matched,2026-07-13T01:46:52.873839+00:00,2026-07-13T03:31:52.873839+00:00,2026-07-13T04:30:52.873839+00:00,2026-07-13T05:44:52.873839+00:00,2026-07-13T05:51:15.892591+00:00,R. Nair,Suspicious Login,Informational alert (Suspicious Login) on Partner B Customer 6,"T1110 Brute Force, T1041 Exfiltration Over C2, T1078 Valid Accounts",0
INC-000109,partner-a,customer-5,Informational,New,Gold,QRADAR,XSOAR,none,2026-05-05T10:56:59.036085+00:00,2026-05-05T11:22:59.036085+00:00,,,,,Phishing,Informational alert (Phishing) on Partner A Customer 5,"T1021 Remote Services, T1071 Application Layer Protocol",0
INC-000110,partner-a,customer-8,Minor,Closed,Gold,XSIAM,Resilient,Matched,2026-05-07T17:20:31.405035+00:00,2026-05-07T17:54:31.405035+00:00,2026-05-07T18:23:31.405035+00:00,2026-05-07T20:11:31.405035+00:00,2026-05-07T21:08:17.529145+00:00,J. Fernandes,C2 Beacon,Minor alert (C2 Beacon) on Partner A Customer 8,"T1041 Exfiltration Over C2, T1055 Process Injection",0
INC-000111,partner-b,customer-13,Minor,Closed,Silver,XSIAM,Resilient,Matched,2026-07-14T10:27:08.624045+00:00,2026-07-14T11:49:08.624045+00:00,2026-07-14T12:15:08.624045+00:00,2026-07-14T12:26:08.624045+00:00,2026-07-14T16:35:35.896299+00:00,R. Nair,Malware,Minor alert (Malware) on Partner B Customer 3,"T1059 Command and Scripting Interpreter, T1110 Brute Force, T1566 Phishing",0
INC-000112,partner-a,customer-6,Informational,New,Gold,QRADAR,XSOAR,none,2026-07-11T03:22:36.191188+00:00,2026-07-11T03:55:36.191188+00:00,,,,,Suspicious Login,Informational alert (Suspicious Login) on Partner A Customer 6,T1055 Process Injection,0
INC-000113,partner-a,customer-2,Major,Open,Bronze,XSIAM,XSOAR,none,2026-07-16T02:56:53.063150+00:00,2026-07-16T03:29:53.063150+00:00,2026-07-16T03:45:53.063150+00:00,2026-07-16T05:37:53.063150+00:00,,R. Nair,Brute Force,Major alert (Brute Force) on Partner A Customer 2,T1566 Phishing,0
INC-000114,partner-a,customer-10,Minor,Closed,Silver,XSIAM,XSOAR,Matched,2026-05-09T22:44:14.180543+00:00,2026-05-09T23:49:14.180543+00:00,2026-05-09T23:59:14.180543+00:00,2026-05-10T01:59:14.180543+00:00,2026-05-10T02:55:41.394264+00:00,A. Rao,Brute Force,Minor alert (Brute Force) on Partner A Customer 10,"T1055 Process Injection, T1566 Phishing, T1110 Brute Force",0
INC-000115,partner-a,customer-8,Critical,Closed,Gold,XSIAM,Resilient,Matched,2026-05-06T19:02:43.531220+00:00,2026-05-06T20:05:43.531220+00:00,2026-05-06T20:46:43.531220+00:00,2026-05-06T22:07:43.531220+00:00,2026-05-06T22:04:37.756257+00:00,P. Shah,Brute Force,Critical alert (Brute Force) on Partner A Customer 8,"T1055 Process Injection, T1566 Phishing",0
INC-000116,partner-b,customer-20,Minor,New,Silver,XSIAM,Resilient,none,2026-07-07T21:11:50.253428+00:00,2026-07-07T22:23:50.253428+00:00,,,,,Malware,Minor alert (Malware) on Partner B Customer 10,"T1566 Phishing, T1078 Valid Accounts, T1055 Process Injection",0
INC-000117,partner-a,customer-2,Informational,Open,Bronze,XSIAM,XSOAR,none,2026-07-16T23:42:36.397251+00:00,2026-07-17T01:27:36.397251+00:00,2026-07-17T01:52:36.397251+00:00,2026-07-17T03:30:36.397251+00:00,,R. Nair,Suspicious Login,Informational alert (Suspicious Login) on Partner A Customer 2,T1566 Phishing,0
INC-000118,partner-b,customer-12,Informational,New,Gold,XSIAM,XSOAR,none,2026-07-06T08:03:32.118929+00:00,2026-07-06T09:07:32.118929+00:00,,,,,C2 Beacon,Informational alert (C2 Beacon) on Partner B Customer 2,"T1110 Brute Force, T1055 Process Injection, T1059 Command and Scripting Interpreter",0
INC-000119,partner-a,customer-3,Informational,Closed,Gold,QRADAR,XSOAR,Matched,2026-07-14T09:24:58.535065+00:00,2026-07-14T11:10:58.535065+00:00,2026-07-14T11:22:58.535065+00:00,2026-07-14T12:07:58.535065+00:00,2026-07-14T21:17:06.110619+00:00,S. Iyer,C2 Beacon,Informational alert (C2 Beacon) on Partner A Customer 3,"T1566 Phishing, T1055 Process Injection",0
INC-000120,partner-a,customer-7,Informational,Closed,Bronze,QRADAR,Resilient,Matched,2026-07-08T01:56:30.337802+00:00,2026-07-08T02:35:30.337802+00:00,2026-07-08T03:08:30.337802+00:00,2026-07-08T04:08:30.337802+00:00,2026-07-08T12:11:36.592639+00:00,J. Fernandes,Lateral Movement,Informational alert (Lateral Movement) on Partner A Customer 7,"T1110 Brute Force, T1078 Valid Accounts",0
INC-000121,partner-b,customer-16,Minor,Open,Bronze,XSIAM,XSOAR,none,2026-07-16T02:10:36.121575+00:00,2026-07-16T03:09:36.121575+00:00,2026-07-16T03:57:36.121575+00:00,2026-07-16T05:47:36.121575+00:00,,K. Mehta,Suspicious Login,Minor alert (Suspicious Login) on Partner B Customer 6,T1059 Command and Scripting Interpreter,0
INC-000122,partner-b,customer-11,Major,Closed,Gold,XSIAM,XSOAR,Matched,2026-06-08T20:57:24.417261+00:00,2026-06-08T22:30:24.417261+00:00,2026-06-08T23:08:24.417261+00:00,2026-06-08T23:18:24.417261+00:00,2026-06-09T03:18:47.338915+00:00,R. Nair,Lateral Movement,Major alert (Lateral Movement) on Partner B Customer 1,"T1566 Phishing, T1071 Application Layer Protocol",0
INC-000123,partner-b,customer-13,Informational,New,Silver,XSIAM,Resilient,none,2026-04-22T12:30:32.654530+00:00,2026-04-22T12:53:32.654530+00:00,,,,,C2 Beacon,Informational alert (C2 Beacon) on Partner B Customer 3,T1110 Brute Force,0
INC-000124,partner-a,customer-3,Minor,Closed,Gold,QRADAR,XSOAR,Matched,2026-07-03T23:44:47.581470+00:00,2026-07-03T23:53:47.581470+00:00,2026-07-04T00:46:47.581470+00:00,2026-07-04T01:48:47.581470+00:00,2026-07-04T08:38:51.518356+00:00,S. Iyer,Brute Force,Minor alert (Brute Force) on Partner A Customer 3,"T1021 Remote Services, T1078 Valid Accounts, T1110 Brute Force",0
INC-000125,partner-a,customer-9,Major,New,Gold,QRADAR,Resilient,none,2026-06-02T08:04:57.165046+00:00,2026-06-02T08:58:57.165046+00:00,,,,,Malware,Major alert (Malware) on Partner A Customer 9,"T1041 Exfiltration Over C2, T1021 Remote Services",0
INC-000126,partner-b,customer-15,Minor,Closed,Silver,QRADAR,Resilient,Matched,2026-04-18T09:22:45.112865+00:00,2026-04-18T09:52:45.112865+00:00,2026-04-18T10:06:45.112865+00:00,2026-04-18T11:08:45.112865+00:00,2026-04-18T15:07:06.715510+00:00,K. Mehta,Malware,Minor alert (Malware) on Partner B Customer 5,"T1021 Remote Services, T1071 Application Layer Protocol, T1110 Brute Force",0
INC-000127,partner-a,customer-3,Major,New,Gold,QRADAR,XSOAR,none,2026-07-15T00:24:44.650422+00:00,2026-07-15T01:59:44.650422+00:00,,,,,Brute Force,Major alert (Brute Force) on Partner A Customer 3,"T1078 Valid Accounts, T1566 Phishing",0
INC-000128,partner-a,customer-7,Major,Closed,Bronze,QRADAR,Resilient,Matched,2026-06-14T18:04:51.625920+00:00,2026-06-14T19:22:51.625920+00:00,2026-06-14T20:07:51.625920+00:00,2026-06-14T20:28:51.625920+00:00,2026-06-14T21:43:21.864531+00:00,P. Shah,Lateral Movement,Major alert (Lateral Movement) on Partner A Customer 7,"T1071 Application Layer Protocol, T1041 Exfiltration Over C2, T1078 Valid Accounts",0
INC-000129,partner-b,customer-14,Critical,Closed,Gold,XSIAM,XSOAR,Breached,2026-05-20T10:25:58.128931+00:00,2026-05-20T11:27:58.128931+00:00,2026-05-20T12:10:58.128931+00:00,2026-05-20T12:59:58.128931+00:00,2026-05-21T08:53:22.189091+00:00,K. Mehta,Brute Force,Critical alert (Brute Force) on Partner B Customer 4,T1055 Process Injection,0
INC-000130,partner-b,customer-17,Critical,Open,Bronze,QRADAR,XSOAR,none,2026-07-15T03:04:15.491346+00:00,2026-07-15T03:30:15.491346+00:00,2026-07-15T04:25:15.491346+00:00,2026-07-15T04:58:15.491346+00:00,,S. Iyer,Privilege Escalation,Critical alert (Privilege Escalation) on Partner B Customer 7,T1041 Exfiltration Over C2,0
INC-000131,partner-a,customer-7,Minor,Closed,Bronze,QRADAR,Resilient,Matched,2026-07-12T23:57:06.356451+00:00,2026-07-13T01:10:06.356451+00:00,2026-07-13T02:01:06.356451+00:00,2026-07-13T02:27:06.356451+00:00,2026-07-13T04:24:22.250698+00:00,P. Shah,Suspicious Login,Minor alert (Suspicious Login) on Partner A Customer 7,"T1566 Phishing, T1055 Process Injection, T1071 Application Layer Protocol",0
INC-000132,partner-a,customer-3,Minor,New,Gold,QRADAR,XSOAR,none,2026-05-19T14:45:36.295072+00:00,2026-05-19T16:28:36.295072+00:00,,,,,Lateral Movement,Minor alert (Lateral Movement) on Partner A Customer 3,"T1566 Phishing, T1078 Valid Accounts, T1021 Remote Services",1
INC-000133,partner-b,customer-18,Informational,Closed,Bronze,QRADAR,Resilient,Matched,2026-05-05T19:15:27.912818+00:00,2026-05-05T20:47:27.912818+00:00,2026-05-05T21:26:27.912818+00:00,2026-05-05T21:40:27.912818+00:00,2026-05-06T02:23:51.131015+00:00,R. Nair,C2 Beacon,Informational alert (C2 Beacon) on Partner B Customer 8,"T1078 Valid Accounts, T1110 Brute Force",0
INC-000134,partner-b,customer-20,Informational,New,Silver,XSIAM,Resilient,none,2026-07-03T10:07:29.932293+00:00,2026-07-03T10:56:29.932293+00:00,,,,,Lateral Movement,Informational alert (Lateral Movement) on Partner B Customer 10,T1021 Remote Services,1
INC-000135,partner-b,customer-17,Major,Closed,Bronze,QRADAR,XSOAR,Matched,2026-06-23T04:34:43.259444+00:00,2026-06-23T05:10:43.259444+00:00,2026-06-23T05:23:43.259444+00:00,2026-06-23T06:05:43.259444+00:00,2026-06-23T10:09:30.825128+00:00,J. Fernandes,Brute Force,Major alert (Brute Force) on Partner B Customer 7,"T1021 Remote Services, T1059 Command and Scripting Interpreter",0
INC-000136,partner-a,customer-6,Minor,Closed,Gold,QRADAR,XSOAR,Matched,2026-06-19T12:21:12.211545+00:00,2026-06-19T12:28:12.211545+00:00,2026-06-19T13:03:12.211545+00:00,2026-06-19T14:12:12.211545+00:00,2026-06-19T15:59:22.890835+00:00,J. Fernandes,Suspicious Login,Minor alert (Suspicious Login) on Partner A Customer 6,T1566 Phishing,0
INC-000137,partner-a,customer-10,Informational,Closed,Silver,XSIAM,XSOAR,Matched,2026-06-04T21:13:59.628209+00:00,2026-06-04T22:26:59.628209+00:00,2026-06-04T22:42:59.628209+00:00,2026-06-04T23:42:59.628209+00:00,2026-06-05T06:15:50.889462+00:00,K. Mehta,Lateral Movement,Informational alert (Lateral Movement) on Partner A Customer 10,"T1566 Phishing, T1078 Valid Accounts",0
INC-000138,partner-a,customer-2,Major,Closed,Bronze,XSIAM,XSOAR,Matched,2026-07-10T14:56:20.114000+00:00,2026-07-10T16:05:20.114000+00:00,2026-07-10T16:50:20.114000+00:00,2026-07-10T17:30:20.114000+00:00,2026-07-10T18:54:29.591039+00:00,P. Shah,Malware,Major alert (Malware) on Partner A Customer 2,"T1021 Remote Services, T1055 Process Injection",0
INC-000139,partner-b,customer-11,Major,Closed,Gold,XSIAM,XSOAR,Matched,2026-07-08T19:33:23.814275+00:00,2026-07-08T20:29:23.814275+00:00,2026-07-08T20:41:23.814275+00:00,2026-07-08T20:50:23.814275+00:00,2026-07-09T04:55:32.307983+00:00,K. Mehta,C2 Beacon,Major alert (C2 Beacon) on Partner B Customer 1,T1110 Brute Force,0
INC-000140,partner-b,customer-11,Major,Closed,Gold,XSIAM,XSOAR,Matched,2026-07-08T13:54:24.010354+00:00,2026-07-08T15:46:24.010354+00:00,2026-07-08T16:17:24.010354+00:00,2026-07-08T17:26:24.010354+00:00,2026-07-08T23:40:07.180083+00:00,P. Shah,Privilege Escalation,Major alert (Privilege Escalation) on Partner B Customer 1,"T1566 Phishing, T1110 Brute Force",0
INC-000141,partner-b,customer-11,Informational,New,Gold,XSIAM,XSOAR,none,2026-05-06T12:18:37.566879+00:00,2026-05-06T13:55:37.566879+00:00,,,,,Phishing,Informational alert (Phishing) on Partner B Customer 1,"T1071 Application Layer Protocol, T1110 Brute Force, T1021 Remote Services",0
INC-000142,partner-b,customer-19,Minor,New,Gold,QRADAR,XSOAR,none,2026-07-01T21:11:41.207858+00:00,2026-07-01T22:36:41.207858+00:00,,,,,Lateral Movement,Minor alert (Lateral Movement) on Partner B Customer 9,T1078 Valid Accounts,0
INC-000143,partner-a,customer-2,Minor,Closed,Bronze,XSIAM,XSOAR,Matched,2026-07-11T01:45:42.750343+00:00,2026-07-11T02:43:42.750343+00:00,2026-07-11T03:37:42.750343+00:00,2026-07-11T04:08:42.750343+00:00,2026-07-11T10:07:54.639483+00:00,J. Fernandes,C2 Beacon,Minor alert (C2 Beacon) on Partner A Customer 2,"T1566 Phishing, T1021 Remote Services, T1059 Command and Scripting Interpreter",0
INC-000144,partner-b,customer-17,Major,New,Bronze,QRADAR,XSOAR,none,2026-05-30T23:08:12.670713+00:00,2026-05-30T23:53:12.670713+00:00,,,,,C2 Beacon,Major alert (C2 Beacon) on Partner B Customer 7,"T1021 Remote Services, T1041 Exfiltration Over C2, T1110 Brute Force",0
INC-000145,partner-a,customer-9,Major,New,Gold,QRADAR,Resilient,none,2026-07-09T10:51:01.387183+00:00,2026-07-09T11:24:01.387183+00:00,,,,,Privilege Escalation,Major alert (Privilege Escalation) on Partner A Customer 9,"T1078 Valid Accounts, T1021 Remote Services",0
INC-000146,partner-b,customer-16,Major,Closed,Bronze,XSIAM,XSOAR,Matched,2026-05-06T16:10:30.951726+00:00,2026-05-06T16:50:30.951726+00:00,2026-05-06T17:36:30.951726+00:00,2026-05-06T19:07:30.951726+00:00,2026-05-07T03:25:48.153135+00:00,P. Shah,Suspicious Login,Major alert (Suspicious Login) on Partner B Customer 6,T1041 Exfiltration Over C2,0
INC-000147,partner-a,customer-2,Minor,New,Bronze,XSIAM,XSOAR,none,2026-07-11T01:39:44.855088+00:00,2026-07-11T02:16:44.855088+00:00,,,,,Data Exfiltration,Minor alert (Data Exfiltration) on Partner A Customer 2,T1041 Exfiltration Over C2,0
INC-000148,partner-b,customer-18,Major,Closed,Bronze,QRADAR,Resilient,Matched,2026-05-25T10:45:49.043113+00:00,2026-05-25T11:21:49.043113+00:00,2026-05-25T12:04:49.043113+00:00,2026-05-25T12:37:49.043113+00:00,2026-05-25T13:58:55.456986+00:00,R. Nair,Suspicious Login,Major alert (Suspicious Login) on Partner B Customer 8,"T1071 Application Layer Protocol, T1566 Phishing, T1021 Remote Services",0
INC-000149,partner-a,customer-5,Minor,New,Gold,QRADAR,XSOAR,none,2026-06-10T14:02:50.656771+00:00,2026-06-10T15:59:50.656771+00:00,,,,,C2 Beacon,Minor alert (C2 Beacon) on Partner A Customer 5,"T1078 Valid Accounts, T1055 Process Injection",1
INC-000150,partner-a,customer-10,Minor,Closed,Silver,XSIAM,XSOAR,Matched,2026-07-09T04:22:56.437302+00:00,2026-07-09T05:40:56.437302+00:00,2026-07-09T06:37:56.437302+00:00,2026-07-09T08:14:56.437302+00:00,2026-07-09T09:12:28.536028+00:00,A. Rao,Brute Force,Minor alert (Brute Force) on Partner A Customer 10,T1055 Process Injection,0
INC-000151,partner-b,customer-16,Minor,Closed,Bronze,XSIAM,XSOAR,Matched,2026-06-21T05:31:07.793060+00:00,2026-06-21T05:40:07.793060+00:00,2026-06-21T06:26:07.793060+00:00,2026-06-21T07:48:07.793060+00:00,2026-06-21T10:27:03.157544+00:00,A. Rao,C2 Beacon,Minor alert (C2 Beacon) on Partner B Customer 6,"T1071 Application Layer Protocol, T1059 Command and Scripting Interpreter, T1041 Exfiltration Over C2",0
INC-000152,partner-b,customer-15,Informational,Closed,Silver,QRADAR,Resilient,Matched,2026-07-06T23:48:41.174785+00:00,2026-07-07T01:15:41.174785+00:00,2026-07-07T01:36:41.174785+00:00,2026-07-07T01:42:41.174785+00:00,2026-07-07T05:15:59.960733+00:00,R. Nair,Data Exfiltration,Informational alert (Data Exfiltration) on Partner B Customer 5,T1055 Process Injection,0
INC-000153,partner-b,customer-14,Critical,Closed,Gold,XSIAM,XSOAR,Matched,2026-06-30T15:25:24.380656+00:00,2026-06-30T15:47:24.380656+00:00,2026-06-30T16:12:24.380656+00:00,2026-06-30T16:17:24.380656+00:00,2026-06-30T17:35:16.273260+00:00,S. Iyer,Suspicious Login,Critical alert (Suspicious Login) on Partner B Customer 4,"T1566 Phishing, T1110 Brute Force",0
INC-000154,partner-b,customer-12,Critical,Closed,Gold,XSIAM,XSOAR,Matched,2026-07-12T22:53:50.048712+00:00,2026-07-12T23:49:50.048712+00:00,2026-07-13T00:44:50.048712+00:00,2026-07-13T02:27:50.048712+00:00,2026-07-13T04:21:04.799922+00:00,S. Iyer,Suspicious Login,Critical alert (Suspicious Login) on Partner B Customer 2,"T1078 Valid Accounts, T1059 Command and Scripting Interpreter, T1055 Process Injection",0
INC-000155,partner-b,customer-16,Minor,New,Bronze,XSIAM,XSOAR,none,2026-06-09T19:26:27.494407+00:00,2026-06-09T20:41:27.494407+00:00,,,,,Data Exfiltration,Minor alert (Data Exfiltration) on Partner B Customer 6,T1059 Command and Scripting Interpreter,0
INC-000156,partner-b,customer-17,Minor,New,Bronze,QRADAR,XSOAR,none,2026-07-09T09:09:24.513538+00:00,2026-07-09T09:21:24.513538+00:00,,,,,Data Exfiltration,Minor alert (Data Exfiltration) on Partner B Customer 7,"T1110 Brute Force, T1059 Command and Scripting Interpreter, T1071 Application Layer Protocol",0
INC-000157,partner-b,customer-17,Minor,Closed,Bronze,QRADAR,XSOAR,Matched,2026-06-03T05:02:56.729921+00:00,2026-06-03T07:02:56.729921+00:00,2026-06-03T07:15:56.729921+00:00,2026-06-03T08:18:56.729921+00:00,2026-06-03T12:22:37.000534+00:00,K. Mehta,Phishing,Minor alert (Phishing) on Partner B Customer 7,"T1071 Application Layer Protocol, T1021 Remote Services, T1110 Brute Force",0
INC-000158,partner-a,customer-1,Informational,Open,Bronze,QRADAR,XSOAR,none,2026-05-26T05:35:54.602901+00:00,2026-05-26T05:45:54.602901+00:00,2026-05-26T06:39:54.602901+00:00,2026-05-26T06:52:54.602901+00:00,,P. Shah,Malware,Informational alert (Malware) on Partner A Customer 1,"T1566 Phishing, T1110 Brute Force",0
INC-000159,partner-b,customer-14,Major,Closed,Gold,XSIAM,XSOAR,Matched,2026-05-12T14:41:07.853699+00:00,2026-05-12T15:39:07.853699+00:00,2026-05-12T16:13:07.853699+00:00,2026-05-12T17:15:07.853699+00:00,2026-05-12T23:21:48.317172+00:00,J. Fernandes,Brute Force,Major alert (Brute Force) on Partner B Customer 4,"T1021 Remote Services, T1566 Phishing, T1059 Command and Scripting Interpreter",0
INC-000160,partner-b,customer-18,Major,Closed,Bronze,QRADAR,Resilient,Matched,2026-05-03T02:01:10.147664+00:00,2026-05-03T03:42:10.147664+00:00,2026-05-03T04:11:10.147664+00:00,2026-05-03T05:15:10.147664+00:00,2026-05-03T09:00:11.895827+00:00,R. Nair,Lateral Movement,Major alert (Lateral Movement) on Partner B Customer 8,T1078 Valid Accounts,0
INC-000161,partner-b,customer-15,Major,Closed,Silver,QRADAR,Resilient,Matched,2026-05-13T00:32:56.796612+00:00,2026-05-13T00:51:56.796612+00:00,2026-05-13T01:43:56.796612+00:00,2026-05-13T02:41:56.796612+00:00,2026-05-13T10:41:10.511160+00:00,P. Shah,Phishing,Major alert (Phishing) on Partner B Customer 5,T1078 Valid Accounts,0
INC-000162,partner-a,customer-3,Critical,New,Gold,QRADAR,XSOAR,none,2026-05-14T23:38:08.988858+00:00,2026-05-14T23:49:08.988858+00:00,,,,,Data Exfiltration,Critical alert (Data Exfiltration) on Partner A Customer 3,"T1566 Phishing, T1078 Valid Accounts, T1055 Process Injection",1
INC-000163,partner-a,customer-8,Minor,Closed,Gold,XSIAM,Resilient,Matched,2026-07-04T15:31:28.767907+00:00,2026-07-04T16:13:28.767907+00:00,2026-07-04T17:09:28.767907+00:00,2026-07-04T18:27:28.767907+00:00,2026-07-05T01:06:39.005991+00:00,S. Iyer,Suspicious Login,Minor alert (Suspicious Login) on Partner A Customer 8,T1041 Exfiltration Over C2,0
INC-000164,partner-a,customer-5,Minor,New,Gold,QRADAR,XSOAR,none,2026-06-22T11:19:06.114125+00:00,2026-06-22T12:35:06.114125+00:00,,,,,Brute Force,Minor alert (Brute Force) on Partner A Customer 5,"T1055 Process Injection, T1041 Exfiltration Over C2, T1078 Valid Accounts",0
INC-000165,partner-a,customer-2,Informational,Closed,Bronze,XSIAM,XSOAR,Matched,2026-05-07T12:49:46.461655+00:00,2026-05-07T13:34:46.461655+00:00,2026-05-07T14:10:46.461655+00:00,2026-05-07T14:34:46.461655+00:00,2026-05-07T21:58:09.543206+00:00,S. Iyer,C2 Beacon,Informational alert (C2 Beacon) on Partner A Customer 2,T1078 Valid Accounts,0
INC-000166,partner-a,customer-10,Major,New,Silver,XSIAM,XSOAR,none,2026-07-12T01:29:59.285596+00:00,2026-07-12T02:26:59.285596+00:00,,,,,Brute Force,Major alert (Brute Force) on Partner A Customer 10,"T1078 Valid Accounts, T1110 Brute Force",0
INC-000167,partner-a,customer-7,Critical,New,Bronze,QRADAR,Resilient,none,2026-06-13T20:10:24.410373+00:00,2026-06-13T21:23:24.410373+00:00,,,,,Data Exfiltration,Critical alert (Data Exfiltration) on Partner A Customer 7,T1041 Exfiltration Over C2,0
INC-000168,partner-b,customer-13,Minor,Closed,Silver,XSIAM,Resilient,Matched,2026-06-30T06:47:05.226379+00:00,2026-06-30T08:29:05.226379+00:00,2026-06-30T09:21:05.226379+00:00,2026-06-30T10:37:05.226379+00:00,2026-06-30T18:10:36.179168+00:00,K. Mehta,Suspicious Login,Minor alert (Suspicious Login) on Partner B Customer 3,"T1566 Phishing, T1059 Command and Scripting Interpreter",0
INC-000169,partner-a,customer-7,Major,Closed,Bronze,QRADAR,Resilient,Matched,2026-06-04T03:50:54.265562+00:00,2026-06-04T04:26:54.265562+00:00,2026-06-04T05:21:54.265562+00:00,2026-06-04T05:52:54.265562+00:00,2026-06-04T11:20:01.634641+00:00,J. Fernandes,Privilege Escalation,Major alert (Privilege Escalation) on Partner A Customer 7,"T1071 Application Layer Protocol, T1041 Exfiltration Over C2",0
INC-000170,partner-b,customer-12,Major,New,Gold,XSIAM,XSOAR,none,2026-06-05T06:33:55.375755+00:00,2026-06-05T08:20:55.375755+00:00,,,,,C2 Beacon,Major alert (C2 Beacon) on Partner B Customer 2,"T1078 Valid Accounts, T1110 Brute Force",0
INC-000171,partner-b,customer-11,Minor,Closed,Gold,XSIAM,XSOAR,Matched,2026-07-15T05:15:14.886231+00:00,2026-07-15T05:53:14.886231+00:00,2026-07-15T06:40:14.886231+00:00,2026-07-15T07:59:14.886231+00:00,2026-07-15T09:02:33.015921+00:00,R. Nair,Suspicious Login,Minor alert (Suspicious Login) on Partner B Customer 1,T1055 Process Injection,0
INC-000172,partner-b,customer-19,Minor,New,Gold,QRADAR,XSOAR,none,2026-05-16T15:01:55.742398+00:00,2026-05-16T15:38:55.742398+00:00,,,,,C2 Beacon,Minor alert (C2 Beacon) on Partner B Customer 9,"T1071 Application Layer Protocol, T1078 Valid Accounts, T1059 Command and Scripting Interpreter",0
INC-000173,partner-b,customer-12,Minor,New,Gold,XSIAM,XSOAR,none,2026-04-25T17:10:53.345737+00:00,2026-04-25T18:24:53.345737+00:00,,,,,Phishing,Minor alert (Phishing) on Partner B Customer 2,"T1566 Phishing, T1055 Process Injection, T1071 Application Layer Protocol",0
INC-000174,partner-a,customer-2,Minor,Closed,Bronze,XSIAM,XSOAR,Matched,2026-06-26T09:26:16.943206+00:00,2026-06-26T11:01:16.943206+00:00,2026-06-26T11:24:16.943206+00:00,2026-06-26T12:33:16.943206+00:00,2026-06-26T17:57:54.804848+00:00,J. Fernandes,C2 Beacon,Minor alert (C2 Beacon) on Partner A Customer 2,"T1071 Application Layer Protocol, T1566 Phishing, T1055 Process Injection",0
INC-000175,partner-b,customer-18,Critical,Closed,Bronze,QRADAR,Resilient,Breached,2026-06-22T12:47:39.027550+00:00,2026-06-22T13:28:39.027550+00:00,2026-06-22T14:22:39.027550+00:00,2026-06-22T15:53:39.027550+00:00,2026-06-22T21:20:18.713447+00:00,J. Fernandes,Malware,Critical alert (Malware) on Partner B Customer 8,"T1110 Brute Force, T1059 Command and Scripting Interpreter, T1055 Process Injection",0
INC-000176,partner-b,customer-20,Informational,New,Silver,XSIAM,Resilient,none,2026-07-11T16:41:37.087346+00:00,2026-07-11T17:33:37.087346+00:00,,,,,C2 Beacon,Informational alert (C2 Beacon) on Partner B Customer 10,"T1078 Valid Accounts, T1021 Remote Services, T1059 Command and Scripting Interpreter",0
INC-000177,partner-a,customer-10,Informational,Closed,Silver,XSIAM,XSOAR,Matched,2026-04-30T23:27:50.819451+00:00,2026-05-01T01:09:50.819451+00:00,2026-05-01T01:44:50.819451+00:00,2026-05-01T02:37:50.819451+00:00,2026-05-01T03:15:08.943479+00:00,J. Fernandes,Phishing,Informational alert (Phishing) on Partner A Customer 10,"T1110 Brute Force, T1566 Phishing, T1078 Valid Accounts",0
INC-000178,partner-b,customer-14,Major,Closed,Gold,XSIAM,XSOAR,Matched,2026-04-20T13:26:25.137934+00:00,2026-04-20T15:25:25.137934+00:00,2026-04-20T15:37:25.137934+00:00,2026-04-20T16:11:25.137934+00:00,2026-04-20T22:51:15.259817+00:00,K. Mehta,C2 Beacon,Major alert (C2 Beacon) on Partner B Customer 4,"T1566 Phishing, T1071 Application Layer Protocol",0
INC-000179,partner-a,customer-9,Minor,Closed,Gold,QRADAR,Resilient,Matched,2026-07-04T06:06:07.209426+00:00,2026-07-04T06:51:07.209426+00:00,2026-07-04T07:14:07.209426+00:00,2026-07-04T08:34:07.209426+00:00,2026-07-04T14:38:59.058784+00:00,K. Mehta,Lateral Movement,Minor alert (Lateral Movement) on Partner A Customer 9,T1041 Exfiltration Over C2,0
INC-000180,partner-a,customer-6,Minor,Closed,Gold,QRADAR,XSOAR,Matched,2026-05-17T07:17:19.105343+00:00,2026-05-17T08:31:19.105343+00:00,2026-05-17T09:29:19.105343+00:00,2026-05-17T11:08:19.105343+00:00,2026-05-17T16:41:32.766877+00:00,K. Mehta,Malware,Minor alert (Malware) on Partner A Customer 6,"T1021 Remote Services, T1566 Phishing, T1055 Process Injection",0
INC-000181,partner-b,customer-14,Critical,Closed,Gold,XSIAM,XSOAR,Breached,2026-05-22T23:37:06.943360+00:00,2026-05-23T00:58:06.943360+00:00,2026-05-23T01:57:06.943360+00:00,2026-05-23T02:43:06.943360+00:00,2026-05-23T17:46:34.045449+00:00,A. Rao,Data Exfiltration,Critical alert (Data Exfiltration) on Partner B Customer 4,"T1055 Process Injection, T1078 Valid Accounts",0
INC-000182,partner-a,customer-6,Minor,Closed,Gold,QRADAR,XSOAR,Matched,2026-07-08T13:16:45.219142+00:00,2026-07-08T15:03:45.219142+00:00,2026-07-08T15:17:45.219142+00:00,2026-07-08T15:32:45.219142+00:00,2026-07-08T22:42:03.558957+00:00,S. Iyer,Brute Force,Minor alert (Brute Force) on Partner A Customer 6,"T1055 Process Injection, T1110 Brute Force, T1071 Application Layer Protocol",0
INC-000183,partner-a,customer-4,Informational,New,Bronze,QRADAR,Resilient,none,2026-05-09T18:06:32.684421+00:00,2026-05-09T18:24:32.684421+00:00,,,,,Brute Force,Informational alert (Brute Force) on Partner A Customer 4,T1110 Brute Force,1
INC-000184,partner-b,customer-14,Minor,Closed,Gold,XSIAM,XSOAR,Matched,2026-07-14T21:21:30.434393+00:00,2026-07-14T22:11:30.434393+00:00,2026-07-14T22:59:30.434393+00:00,2026-07-15T00:20:30.434393+00:00,2026-07-15T00:06:10.270315+00:00,S. Iyer,Lateral Movement,Minor alert (Lateral Movement) on Partner B Customer 4,"T1059 Command and Scripting Interpreter, T1021 Remote Services",0
INC-000185,partner-b,customer-18,Informational,Closed,Bronze,QRADAR,Resilient,Matched,2026-07-01T23:44:06.187701+00:00,2026-07-02T00:37:06.187701+00:00,2026-07-02T01:04:06.187701+00:00,2026-07-02T01:47:06.187701+00:00,2026-07-02T02:38:16.043370+00:00,S. Iyer,Lateral Movement,Informational alert (Lateral Movement) on Partner B Customer 8,"T1055 Process Injection, T1110 Brute Force",0
INC-000186,partner-b,customer-16,Major,Closed,Bronze,XSIAM,XSOAR,Matched,2026-05-13T08:38:28.857705+00:00,2026-05-13T09:46:28.857705+00:00,2026-05-13T10:08:28.857705+00:00,2026-05-13T11:11:28.857705+00:00,2026-05-13T11:12:08.120474+00:00,A. Rao,Lateral Movement,Major alert (Lateral Movement) on Partner B Customer 6,"T1055 Process Injection, T1071 Application Layer Protocol",0
INC-000187,partner-b,customer-11,Minor,Closed,Gold,XSIAM,XSOAR,Matched,2026-05-19T15:19:40.389341+00:00,2026-05-19T16:40:40.389341+00:00,2026-05-19T17:10:40.389341+00:00,2026-05-19T18:32:40.389341+00:00,2026-05-19T21:00:19.927652+00:00,R. Nair,Lateral Movement,Minor alert (Lateral Movement) on Partner B Customer 1,"T1041 Exfiltration Over C2, T1021 Remote Services",0
INC-000188,partner-b,customer-16,Minor,Closed,Bronze,XSIAM,XSOAR,Matched,2026-07-13T06:59:11.942837+00:00,2026-07-13T08:44:11.942837+00:00,2026-07-13T09:01:11.942837+00:00,2026-07-13T10:18:11.942837+00:00,2026-07-13T14:55:50.325206+00:00,K. Mehta,Phishing,Minor alert (Phishing) on Partner B Customer 6,"T1071 Application Layer Protocol, T1021 Remote Services, T1059 Command and Scripting Interpreter",0
INC-000189,partner-b,customer-15,Informational,Closed,Silver,QRADAR,Resilient,Matched,2026-07-05T08:17:38.719825+00:00,2026-07-05T10:03:38.719825+00:00,2026-07-05T10:44:38.719825+00:00,2026-07-05T11:06:38.719825+00:00,2026-07-05T14:01:05.606417+00:00,R. Nair,Brute Force,Informational alert (Brute Force) on Partner B Customer 5,"T1055 Process Injection, T1071 Application Layer Protocol, T1078 Valid Accounts",0
INC-000190,partner-a,customer-3,Minor,Closed,Gold,QRADAR,XSOAR,Matched,2026-05-30T02:45:02.088252+00:00,2026-05-30T04:41:02.088252+00:00,2026-05-30T05:25:02.088252+00:00,2026-05-30T05:34:02.088252+00:00,2026-05-30T13:43:40.510264+00:00,S. Iyer,Malware,Minor alert (Malware) on Partner A Customer 3,T1078 Valid Accounts,0
INC-000191,partner-b,customer-12,Minor,Closed,Gold,XSIAM,XSOAR,Matched,2026-05-20T04:12:00.358421+00:00,2026-05-20T05:39:00.358421+00:00,2026-05-20T06:37:00.358421+00:00,2026-05-20T07:24:00.358421+00:00,2026-05-20T08:30:15.210919+00:00,J. Fernandes,Data Exfiltration,Minor alert (Data Exfiltration) on Partner B Customer 2,"T1078 Valid Accounts, T1071 Application Layer Protocol, T1110 Brute Force",0
INC-000192,partner-b,customer-13,Minor,Closed,Silver,XSIAM,Resilient,Matched,2026-07-03T17:10:30.405036+00:00,2026-07-03T17:18:30.405036+00:00,2026-07-03T17:46:30.405036+00:00,2026-07-03T18:44:30.405036+00:00,2026-07-04T03:14:28.312560+00:00,A. Rao,Brute Force,Minor alert (Brute Force) on Partner B Customer 3,"T1041 Exfiltration Over C2, T1110 Brute Force",0
INC-000193,partner-b,customer-15,Minor,Closed,Silver,QRADAR,Resilient,Matched,2026-07-15T20:29:58.181550+00:00,2026-07-15T22:06:58.181550+00:00,2026-07-15T22:36:58.181550+00:00,2026-07-15T22:49:58.181550+00:00,2026-07-16T06:00:47.420818+00:00,S. Iyer,Phishing,Minor alert (Phishing) on Partner B Customer 5,"T1059 Command and Scripting Interpreter, T1021 Remote Services",0
INC-000194,partner-a,customer-6,Minor,Closed,Gold,QRADAR,XSOAR,Matched,2026-05-28T14:00:28.586321+00:00,2026-05-28T14:47:28.586321+00:00,2026-05-28T15:26:28.586321+00:00,2026-05-28T16:00:28.586321+00:00,2026-05-28T18:07:07.522700+00:00,J. Fernandes,Lateral Movement,Minor alert (Lateral Movement) on Partner A Customer 6,"T1566 Phishing, T1021 Remote Services",0
INC-000195,partner-b,customer-20,Minor,Open,Silver,XSIAM,Resilient,none,2026-07-16T20:46:19.463096+00:00,2026-07-16T21:18:19.463096+00:00,2026-07-16T22:16:19.463096+00:00,2026-07-16T23:51:19.463096+00:00,,A. Rao,Brute Force,Minor alert (Brute Force) on Partner B Customer 10,"T1021 Remote Services, T1059 Command and Scripting Interpreter",0
INC-000196,partner-b,customer-15,Minor,New,Silver,QRADAR,Resilient,none,2026-04-21T07:47:17.073996+00:00,2026-04-21T08:32:17.073996+00:00,,,,,Lateral Movement,Minor alert (Lateral Movement) on Partner B Customer 5,"T1055 Process Injection, T1041 Exfiltration Over C2, T1566 Phishing",1
INC-000197,partner-b,customer-12,Minor,Closed,Gold,XSIAM,XSOAR,Matched,2026-07-07T18:48:29.912144+00:00,2026-07-07T20:35:29.912144+00:00,2026-07-07T21:24:29.912144+00:00,2026-07-07T22:44:29.912144+00:00,2026-07-08T01:13:37.130278+00:00,A. Rao,Data Exfiltration,Minor alert (Data Exfiltration) on Partner B Customer 2,"T1059 Command and Scripting Interpreter, T1071 Application Layer Protocol",0
INC-000198,partner-b,customer-12,Minor,Closed,Gold,XSIAM,XSOAR,Matched,2026-07-04T20:13:26.886595+00:00,2026-07-04T21:07:26.886595+00:00,2026-07-04T21:48:26.886595+00:00,2026-07-04T23:14:26.886595+00:00,2026-07-05T04:36:53.313676+00:00,P. Shah,Brute Force,Minor alert (Brute Force) on Partner B Customer 2,"T1110 Brute Force, T1078 Valid Accounts, T1071 Application Layer Protocol",0
INC-000199,partner-a,customer-5,Informational,Closed,Gold,QRADAR,XSOAR,Matched,2026-04-30T09:17:22.132861+00:00,2026-04-30T09:23:22.132861+00:00,2026-04-30T09:45:22.132861+00:00,2026-04-30T11:34:22.132861+00:00,2026-04-30T15:18:18.324700+00:00,J. Fernandes,C2 Beacon,Informational alert (C2 Beacon) on Partner A Customer 5,"T1071 Application Layer Protocol, T1078 Valid Accounts",0
INC-000200,partner-b,customer-15,Critical,Closed,Silver,QRADAR,Resilient,Matched,2026-07-06T14:30:08.914207+00:00,2026-07-06T15:12:08.914207+00:00,2026-07-06T15:36:08.914207+00:00,2026-07-06T16:49:08.914207+00:00,2026-07-06T18:33:10.031040+00:00,S. Iyer,C2 Beacon,Critical alert (C2 Beacon) on Partner B Customer 5,"T1059 Command and Scripting Interpreter, T1041 Exfiltration Over C2, T1566 Phishing",0
